name,baseMean,log2FoldChange,lfcSE,stat,pvalue,padj
ENSMUSG00000081861,1931.61914523219,4.76347771239222,0.18332097708612502,25.984356990167605,7.441058254160317e-149,9.05874431861478e-145
ENSMUSG00000063632,1471.57647135664,1.66160391789038,0.151463763219478,10.9703065774395,5.309207044246629e-28,1.6158571639164599e-24
ENSMUSG00000049929,188.665456789804,1.6192877285408998,0.38930266593898205,4.15945707598804,3.19004961297774e-05,0.00147104787834815
ENSMUSG00000079263,93.6810477256786,1.93260397398308,0.5754085893453821,3.3586637561002006,0.000783203016864074,0.0220710961280168
ENSMUSG00000065430,54.8423266944283,2.05459275900992,0.7410503373028999,2.7725414261165295,0.0055620439441456,0.0979917843357866
